,min,max
SalePrice,4.54282542695918,5.8779469516291885
LotFrontage,1.3222192947339193,2.2600713879850747
LotArea,3.113943352306837,4.849793961764723
YearBuilt,1872.0,2010.0
GrLivArea,2.5237464668115646,3.6508900778563125
OverallQual,1.0,10.0
